{
    "$schema": "http://schema.management.azure.com/schemas/2015-01-01/deploymentTemplate.json#",
    "contentVersion": "1.0.0.0",
    "parameters": {
        "factoryName": {
            "type": "string",
            "metadata": "Data Factory name",
            "defaultValue": "rohe-airline-adf-prod"
        },
        "AzureDataLakeStorage1_accountKey": {
            "type": "secureString",
            "metadata": "Secure string for 'accountKey' of 'AzureDataLakeStorage1'"
        },
        "AzureDataLakeStorage1_properties_typeProperties_url": {
            "type": "string",
            "defaultValue": "https://airlinesprod.dfs.core.windows.net/"
        }
    },
    "variables": {
        "factoryId": "[concat('Microsoft.DataFactory/factories/', parameters('factoryName'))]"
    },
    "resources": [
        {
            "name": "[concat(parameters('factoryName'), '/dummypipeline')]",
            "type": "Microsoft.DataFactory/factories/pipelines",
            "apiVersion": "2018-06-01",
            "properties": {
                "activities": [
                    {
                        "name": "WaitForSomeTime",
                        "type": "Wait",
                        "dependsOn": [],
                        "userProperties": [],
                        "typeProperties": {
                            "waitTimeInSeconds": 5
                        }
                    }
                ],
                "policy": {
                    "elapsedTimeMetric": {}
                },
                "annotations": [],
                "lastPublishTime": "2025-09-07T21:33:35Z"
            },
            "dependsOn": []
        },
        {
            "name": "[concat(parameters('factoryName'), '/airlinepipeline')]",
            "type": "Microsoft.DataFactory/factories/pipelines",
            "apiVersion": "2018-06-01",
            "properties": {
                "activities": [
                    {
                        "name": "FindDailyFlightFiles",
                        "type": "GetMetadata",
                        "dependsOn": [],
                        "policy": {
                            "timeout": "0.12:00:00",
                            "retry": 0,
                            "retryIntervalInSeconds": 30,
                            "secureOutput": false,
                            "secureInput": false
                        },
                        "userProperties": [],
                        "typeProperties": {
                            "dataset": {
                                "referenceName": "DailyFlightsSource",
                                "type": "DatasetReference",
                                "parameters": {}
                            },
                            "fieldList": [
                                "exists"
                            ],
                            "storeSettings": {
                                "type": "AzureBlobFSReadSettings",
                                "recursive": true,
                                "enablePartitionDiscovery": false
                            },
                            "formatSettings": {
                                "type": "DelimitedTextReadSettings"
                            }
                        }
                    },
                    {
                        "name": "If Condition1",
                        "type": "IfCondition",
                        "dependsOn": [
                            {
                                "activity": "FindDailyFlightFiles",
                                "dependencyConditions": [
                                    "Succeeded"
                                ]
                            }
                        ],
                        "userProperties": [],
                        "typeProperties": {
                            "expression": {
                                "value": "@activity('FindDailyFlightFiles').output.exists",
                                "type": "Expression"
                            },
                            "ifFalseActivities": [
                                {
                                    "name": "PrintlfDoesNotExists",
                                    "type": "SetVariable",
                                    "dependsOn": [],
                                    "policy": {
                                        "secureOutput": false,
                                        "secureInput": false
                                    },
                                    "userProperties": [],
                                    "typeProperties": {
                                        "variableName": "FalseParam",
                                        "value": {
                                            "value": "@activity('FindDailyFlightFiles').output.exists",
                                            "type": "Expression"
                                        }
                                    }
                                }
                            ],
                            "ifTrueActivities": [
                                {
                                    "name": "PrintlfExists",
                                    "type": "SetVariable",
                                    "dependsOn": [],
                                    "policy": {
                                        "secureOutput": false,
                                        "secureInput": false
                                    },
                                    "userProperties": [],
                                    "typeProperties": {
                                        "variableName": "TrueParam",
                                        "value": {
                                            "value": "@activity('FindDailyFlightFiles').output.exists",
                                            "type": "Expression"
                                        }
                                    }
                                },
                                {
                                    "name": "DataTransformation",
                                    "type": "ExecuteDataFlow",
                                    "dependsOn": [
                                        {
                                            "activity": "PrintlfExists",
                                            "dependencyConditions": [
                                                "Succeeded"
                                            ]
                                        }
                                    ],
                                    "policy": {
                                        "timeout": "0.12:00:00",
                                        "retry": 0,
                                        "retryIntervalInSeconds": 30,
                                        "secureOutput": false,
                                        "secureInput": false
                                    },
                                    "userProperties": [],
                                    "typeProperties": {
                                        "dataflow": {
                                            "referenceName": "AirlineDataTransformation",
                                            "type": "DataFlowReference",
                                            "parameters": {},
                                            "datasetParameters": {
                                                "AirportDimData": {},
                                                "DailyFlightData": {},
                                                "WriteProcessedData": {}
                                            }
                                        },
                                        "staging": {},
                                        "compute": {
                                            "coreCount": 8,
                                            "computeType": "General"
                                        },
                                        "traceLevel": "Fine"
                                    }
                                }
                            ]
                        }
                    }
                ],
                "policy": {
                    "elapsedTimeMetric": {}
                },
                "variables": {
                    "FalseParam": {
                        "type": "Boolean"
                    },
                    "TrueParam": {
                        "type": "Boolean"
                    }
                },
                "annotations": [],
                "lastPublishTime": "2025-09-07T21:33:37Z"
            },
            "dependsOn": [
                "[concat(variables('factoryId'), '/datasets/DailyFlightsSource')]",
                "[concat(variables('factoryId'), '/dataflows/AirlineDataTransformation')]"
            ]
        },
        {
            "name": "[concat(parameters('factoryName'), '/newDummy')]",
            "type": "Microsoft.DataFactory/factories/pipelines",
            "apiVersion": "2018-06-01",
            "properties": {
                "activities": [
                    {
                        "name": "WaitNew",
                        "type": "Wait",
                        "dependsOn": [],
                        "userProperties": [],
                        "typeProperties": {
                            "waitTimeInSeconds": 5
                        }
                    }
                ],
                "policy": {
                    "elapsedTimeMetric": {}
                },
                "annotations": [],
                "lastPublishTime": "2025-09-07T21:33:35Z"
            },
            "dependsOn": []
        },
        {
            "name": "[concat(parameters('factoryName'), '/AirlineDimSource')]",
            "type": "Microsoft.DataFactory/factories/datasets",
            "apiVersion": "2018-06-01",
            "properties": {
                "linkedServiceName": {
                    "referenceName": "AzureDataLakeStorage1",
                    "type": "LinkedServiceReference"
                },
                "annotations": [],
                "type": "DelimitedText",
                "typeProperties": {
                    "location": {
                        "type": "AzureBlobFSLocation",
                        "fileName": "airports.csv",
                        "folderPath": "landing-zn",
                        "fileSystem": "united-airlines"
                    },
                    "columnDelimiter": ",",
                    "escapeChar": "\\",
                    "firstRowAsHeader": true,
                    "quoteChar": "\""
                },
                "schema": [
                    {
                        "name": "airport_id",
                        "type": "String"
                    },
                    {
                        "name": "city",
                        "type": "String"
                    },
                    {
                        "name": "state",
                        "type": "String"
                    },
                    {
                        "name": "name",
                        "type": "String"
                    }
                ]
            },
            "dependsOn": [
                "[concat(variables('factoryId'), '/linkedServices/AzureDataLakeStorage1')]"
            ]
        },
        {
            "name": "[concat(parameters('factoryName'), '/DailyFlightsSource')]",
            "type": "Microsoft.DataFactory/factories/datasets",
            "apiVersion": "2018-06-01",
            "properties": {
                "linkedServiceName": {
                    "referenceName": "AzureDataLakeStorage1",
                    "type": "LinkedServiceReference"
                },
                "annotations": [],
                "type": "DelimitedText",
                "typeProperties": {
                    "location": {
                        "type": "AzureBlobFSLocation",
                        "fileName": "flights.csv",
                        "folderPath": "landing-zn",
                        "fileSystem": "united-airlines"
                    },
                    "columnDelimiter": ",",
                    "escapeChar": "\\",
                    "firstRowAsHeader": true,
                    "quoteChar": "\""
                },
                "schema": [
                    {
                        "name": "Carrier",
                        "type": "String"
                    },
                    {
                        "name": "OriginAirportID",
                        "type": "String"
                    },
                    {
                        "name": "DestAirportID",
                        "type": "String"
                    },
                    {
                        "name": "DepDelay",
                        "type": "String"
                    },
                    {
                        "name": "ArrDelay",
                        "type": "String"
                    }
                ]
            },
            "dependsOn": [
                "[concat(variables('factoryId'), '/linkedServices/AzureDataLakeStorage1')]"
            ]
        },
        {
            "name": "[concat(parameters('factoryName'), '/ProcessedData')]",
            "type": "Microsoft.DataFactory/factories/datasets",
            "apiVersion": "2018-06-01",
            "properties": {
                "linkedServiceName": {
                    "referenceName": "AzureDataLakeStorage1",
                    "type": "LinkedServiceReference"
                },
                "annotations": [],
                "type": "DelimitedText",
                "typeProperties": {
                    "location": {
                        "type": "AzureBlobFSLocation",
                        "folderPath": "processed-data",
                        "fileSystem": "united-airlines"
                    },
                    "columnDelimiter": ",",
                    "escapeChar": "\\",
                    "firstRowAsHeader": true,
                    "quoteChar": "\""
                },
                "schema": []
            },
            "dependsOn": [
                "[concat(variables('factoryId'), '/linkedServices/AzureDataLakeStorage1')]"
            ]
        },
        {
            "name": "[concat(parameters('factoryName'), '/AzureDataLakeStorage1')]",
            "type": "Microsoft.DataFactory/factories/linkedServices",
            "apiVersion": "2018-06-01",
            "properties": {
                "annotations": [],
                "type": "AzureBlobFS",
                "typeProperties": {
                    "url": "[parameters('AzureDataLakeStorage1_properties_typeProperties_url')]",
                    "accountKey": {
                        "type": "SecureString",
                        "value": "[parameters('AzureDataLakeStorage1_accountKey')]"
                    }
                }
            },
            "dependsOn": []
        },
        {
            "name": "[concat(parameters('factoryName'), '/AirlineDataTransformation')]",
            "type": "Microsoft.DataFactory/factories/dataflows",
            "apiVersion": "2018-06-01",
            "properties": {
                "type": "MappingDataFlow",
                "typeProperties": {
                    "sources": [
                        {
                            "dataset": {
                                "referenceName": "AirlineDimSource",
                                "type": "DatasetReference"
                            },
                            "name": "AirportDimData"
                        },
                        {
                            "dataset": {
                                "referenceName": "DailyFlightsSource",
                                "type": "DatasetReference"
                            },
                            "name": "DailyFlightData"
                        }
                    ],
                    "sinks": [
                        {
                            "dataset": {
                                "referenceName": "ProcessedData",
                                "type": "DatasetReference"
                            },
                            "name": "WriteProcessedData"
                        }
                    ],
                    "transformations": [
                        {
                            "name": "JoinOnDeptAirport"
                        },
                        {
                            "name": "DeriveDeptAirportDetails"
                        },
                        {
                            "name": "JoinOnArrivalAirport"
                        },
                        {
                            "name": "DeriveArrivalAirportDetails"
                        }
                    ],
                    "scriptLines": [
                        "source(output(",
                        "          airport_id as string,",
                        "          city as string,",
                        "          state as string,",
                        "          name as string",
                        "     ),",
                        "     allowSchemaDrift: true,",
                        "     validateSchema: false,",
                        "     ignoreNoFilesFound: false) ~> AirportDimData",
                        "source(output(",
                        "          Carrier as string,",
                        "          OriginAirportID as string,",
                        "          DestAirportID as string,",
                        "          DepDelay as string,",
                        "          ArrDelay as string",
                        "     ),",
                        "     allowSchemaDrift: true,",
                        "     validateSchema: false,",
                        "     ignoreNoFilesFound: false) ~> DailyFlightData",
                        "DailyFlightData, AirportDimData join(OriginAirportID == airport_id,",
                        "     joinType:'inner',",
                        "     matchType:'exact',",
                        "     ignoreSpaces: false,",
                        "     broadcast: 'auto')~> JoinOnDeptAirport",
                        "JoinOnDeptAirport select(mapColumn(",
                        "          Carrier,",
                        "          DestAirportID,",
                        "          DepDelay,",
                        "          ArrDelay,",
                        "          city,",
                        "          state,",
                        "          DeptAirportName = name",
                        "     ),",
                        "     skipDuplicateMapInputs: true,",
                        "     skipDuplicateMapOutputs: true) ~> DeriveDeptAirportDetails",
                        "DeriveDeptAirportDetails, AirportDimData join(DestAirportID == airport_id,",
                        "     joinType:'inner',",
                        "     matchType:'exact',",
                        "     ignoreSpaces: false,",
                        "     broadcast: 'auto')~> JoinOnArrivalAirport",
                        "JoinOnArrivalAirport select(mapColumn(",
                        "          Carrier,",
                        "          DepDelay,",
                        "          ArrDelay,",
                        "          DepCity = DeriveDeptAirportDetails@city,",
                        "          DepState = DeriveDeptAirportDetails@state,",
                        "          DeptAirportName,",
                        "          ArrCity = AirportDimData@city,",
                        "          ArrState = AirportDimData@state,",
                        "          ArrAirportName = name",
                        "     ),",
                        "     skipDuplicateMapInputs: true,",
                        "     skipDuplicateMapOutputs: true) ~> DeriveArrivalAirportDetails",
                        "DeriveArrivalAirportDetails sink(allowSchemaDrift: true,",
                        "     validateSchema: false,",
                        "     truncate: true,",
                        "     umask: 0777,",
                        "     preCommands: [],",
                        "     postCommands: [],",
                        "     skipDuplicateMapInputs: true,",
                        "     skipDuplicateMapOutputs: true) ~> WriteProcessedData"
                    ]
                }
            },
            "dependsOn": [
                "[concat(variables('factoryId'), '/datasets/AirlineDimSource')]",
                "[concat(variables('factoryId'), '/datasets/DailyFlightsSource')]",
                "[concat(variables('factoryId'), '/datasets/ProcessedData')]"
            ]
        }
    ]
}